WORD_ID,VOCAB_WORD
0,http
1,use
2,list
3,email
4,get
5,mail
6,one
7,free
8,time
9,work
10,messag
11,make
12,like
13,would
14,peopl
15,inform
16,new
17,receiv
18,pleas
19,busi
20,address
21,click
22,want
23,us
24,need
25,order
26,remov
27,also
28,go
29,year
30,send
31,money
32,file
33,compani
34,system
35,name
36,wrote
37,report
38,way
39,user
40,look
41,chang
42,site
43,day
44,state
45,know
46,program
47,may
48,see
49,call
50,could
51,group
52,even
53,think
54,includ
55,linux
56,first
57,offer
58,take
59,say
60,servic
61,right
62,world
63,tri
64,help
65,find
66,market
67,internet
68,product
69,mani
70,much
71,home
72,said
73,web
74,softwar
75,problem
76,date
77,line
78,spam
79,check
80,start
81,number
82,run
83,good
84,thing
85,link
86,well
87,subject
88,phone
89,interest
90,govern
91,person
92,provid
93,set
94,today
95,come
96,best
97,million
98,give
99,server
100,follow
101,back
102,form
103,rate
104,month
105,everi
106,secur
107,gener
108,price
109,url
110,still
111,comput
112,packag
113,instal
114,avail
115,sent
116,code
117,life
118,commun
119,version
120,read
121,sinc
122,ad
123,grant
124,maintain
125,sponsor
126,thank
127,network
128,two
129,credit
130,differ
131,without
132,made
133,develop
134,within
135,support
136,week
137,write
138,save
139,realli
140,case
141,page
142,subscript
143,someth
144,irish
145,current
146,un
147,last
148,anyon
149,onlin
150,complet
151,sure
152,seem
153,card
154,requir
155,build
156,custom
157,manag
158,never
159,de
160,ilug
161,better
162,special
163,keep
164,window
165,ca
166,point
167,place
168,search
169,per
170,anoth
171,found
172,actual
173,access
174,repli
175,result
176,contact
177,question
178,part
179,base
180,futur
181,listmast
182,issu
183,old
184,put
185,wish
186,next
187,long
188,let
189,countri
190,live
191,hour
192,must
193,end
194,invest
195,easi
196,process
197,mean
198,unsubscrib
199,lot
200,unit
201,great
202,got
203,guarante
204,nation
205,technolog
206,show
207,account
208,might
209,power
210,releas
211,legal
212,cost
213,data
214,allow
215,sourc
216,success
217,news
218,engin
219,possibl
220,trade
221,profession
222,idea
223,post
224,increas
225,pay
226,advertis
227,ask
228,public
229,error
230,open
231,websit
232,test
233,opportun
234,real
235,sell
236,ever
237,less
238,insur
239,respons
240,plan
241,design
242,tell
243,visit
244,creat
245,word
246,buy
247,howev
248,reason
249,prefer
250,heaven
251,someon
252,effect
253,aug
254,cd
255,law
256,sale
257,improv
258,applic
259,around
260,instead
261,fact
262,least
263,box
264,dollar
265,ye
266,rpm
267,fix
268,american
269,job
270,copi
271,simpl
272,probabl
273,cours
274,origin
275,believ
276,contain
277,fax
278,move
279,type
280,happen
281,though
282,friend
283,littl
284,total
285,financi
286,share
287,welcom
288,request
289,add
290,exampl
291,abl
292,els
293,client
294,format
295,perl
296,valu
297,anyth
298,alway
299,simpli
300,alreadi
301,high
302,protect
303,fill
304,full
305,cash
306,feel
307,mailto
308,directori
309,import
310,stop
311,bit
312,regard
313,purchas
314,licens
315,signatur
316,note
317,polici
318,experi
319,intern
320,answer
321,exist
322,updat
323,return
324,past
325,learn
326,famili
327,info
328,sep
329,top
330,geek
331,ship
332,becom
333,act
334,age
335,instruct
336,lead
337,small
338,drive
339,suppli
340,control
341,second
342,databas
343,member
344,low
345,thousand
346,select
347,recent
348,incom
349,featur
350,citi
351,etc
352,stuff
353,minut
354,limit
355,done
356,yet
357,industri
358,turn
359,sever
360,appli
361,folder
362,tool
363,continu
364,understand
365,detail
366,c
367,guid
368,everyth
369,noth
370,step
371,exmh
372,oper
373,notic
374,enough
375,big
376,claim
377,care
378,e
379,sign
380,letter
381,univers
382,caus
383,larg
384,key
385,three
386,hard
387,thinkgeek
388,other
389,connect
390,bill
391,record
392,accept
393,discuss
394,thu
395,term
396,via
397,specif
398,offic
399,pgp
400,play
401,talk
402,option
403,text
404,america
405,mayb
406,direct
407,deal
408,immedi
409,download
410,major
411,seen
412,hope
413,forc
414,subscrib
415,comment
416,kind
417,thought
418,individu
419,decid
420,rule
421,log
422,plu
423,lose
424,natur
425,method
426,matter
427,true
428,risk
429,either
430,yahoo
431,rememb
432,assist
433,content
434,rather
435,quot
436,present
437,mime
438,away
439,wait
440,r
441,bank
442,kernel
443,fund
444,local
445,hand
446,project
447,secret
448,hundr
449,loan
450,train
451,matthia
452,level
453,corpor
454,research
455,consid
456,area
457,razor
458,forward
459,august
460,book
461,addit
462,root
463,stori
464,machin
465,polit
466,benefit
467,bad
468,target
469,standard
470,entir
471,war
472,quit
473,suggest
474,document
475,copyright
476,appear
477,bodi
478,presid
479,global
480,author
481,bug
482,posit
483,often
484,expect
485,distribut
486,center
487,mind
488,human
489,juli
490,septemb
491,grow
492,jul
493,ago
494,qualiti
495,hit
496,size
497,trust
498,partner
499,easili
500,island
501,absolut
502,pm
503,whether
504,agent
505,love
506,join
507,activ
508,given
509,b
510,collect
511,solut
512,involv
513,amount
514,happi
515,associ
516,fast
517,charg
518,domain
519,man
520,promot
521,whole
522,dvd
523,far
524,earn
525,sort
526,parti
527,fork
528,later
529,hi
530,feder
531,submit
532,mortgag
533,upon
534,potenti
535,wed
536,meet
537,wrong
538,refer
539,enter
540,nice
541,tm
542,load
543,wonder
544,publish
545,almost
546,social
547,singl
548,transact
549,econom
550,john
551,discov
552,red
553,reach
554,everyon
555,close
556,view
557,fail
558,execut
559,pass
560,sound
561,depend
562,privat
563,profit
564,perform
565,women
566,attack
567,broadcast
568,newslett
569,automat
570,paid
571,relat
572,effort
573,contract
574,statement
575,delet
576,mark
577,media
578,foreign
579,begin
580,compil
581,sequenc
582,final
583,regist
584,miss
585,spamassassin
586,bush
587,cell
588,figur
589,x
590,stock
591,handl
592,command
593,header
594,similar
595,locat
596,action
597,tuesday
598,pick
599,display
600,game
601,templ
602,transfer
603,hat
604,wo
605,disk
606,produc
607,digit
608,chri
609,event
610,soon
611,known
612,track
613,print
614,articl
615,longer
616,tax
617,function
618,properti
619,mention
620,pretti
621,toner
622,default
623,store
624,commiss
625,men
626,dear
627,pc
628,debt
629,hous
630,oblig
631,upgrad
632,sun
633,microsoft
634,respect
635,due
636,organ
637,script
638,enenkio
639,imag
640,bulk
641,administr
642,payment
643,weight
644,along
645,freedom
646,health
647,daili
648,net
649,practic
650,bonu
651,billion
652,propos
653,offici
654,capit
655,half
656,cartridg
657,worth
658,usa
659,languag
660,strategi
661,resourc
662,came
663,leav
664,late
665,anyway
666,concern
667,platform
668,exactli
669,remain
670,clear
671,street
672,devic
673,assum
674,html
675,lost
676,car
677,ok
678,la
679,tire
680,review
681,ignor
682,interact
683,tue
684,head
685,hear
686,went
687,respond
688,taken
689,deliv
690,tablet
691,independ
692,bring
693,configur
694,perhap
695,clean
696,compar
697,averag
698,qualifi
699,watch
700,fine
701,space
702,press
703,invok
704,expens
705,retail
706,recommend
707,school
708,short
709,n
710,fee
711,enabl
712,membership
713,memori
714,fall
715,field
716,host
717,consult
718,guess
719,huge
720,usual
721,extrem
722,xml
723,suit
724,edit
725,choos
726,except
727,advantag
728,agre
729,common
730,warn
731,port
732,en
733,normal
734,region
735,materi
736,abil
737,side
738,educ
739,fri
740,announc
741,basic
742,cheer
743,although
744,paper
745,drop
746,five
747,le
748,told
749,dream
750,guy
751,item
752,main
753,growth
754,spend
755,readi
756,vulner
757,hold
758,confidenti
759,electron
760,replac
761,win
762,model
763,left
764,face
765,unseen
766,interfac
767,studi
768,reserv
769,mon
770,altern
771,loss
772,safe
773,intend
774,accord
775,kingdom
776,choic
777,approv
778,implement
779,histori
780,id
781,oz
782,multipl
783,rest
784,situat
785,commerci
786,extra
787,moment
788,insid
789,employ
790,section
791,quick
792,investig
793,togeth
794,chanc
795,combin
796,initi
797,pictur
798,coupl
799,purpos
800,goe
801,advanc
802,confirm
803,msg
804,across
805,util
806,break
807,unless
808,monday
809,avoid
810,j
811,court
812,object
813,particular
814,fals
815,burn
816,energi
817,score
818,express
819,societi
820,et
821,video
822,male
823,india
824,owner
825,took
826,indic
827,p
828,sens
829,count
830,directli
831,agenc
832,correct
833,speed
834,filter
835,variou
836,four
837,profil
838,anywher
839,procedur
840,die
841,uniqu
842,match
843,period
844,gpl
845,black
846,seek
847,ventur
848,especi
849,piec
850,kevin
851,sex
852,consum
853,spammer
854,certain
855,whatev
856,investor
857,behalf
858,knowledg
859,explain
860,class
861,popul
862,adam
863,color
864,setup
865,gain
866,remot
867,tip
868,oh
869,cut
870,latest
871,dagga
872,atol
873,militari
874,unison
875,block
876,ftp
877,googl
878,lawrenc
879,marshal
880,south
881,unix
882,gari
883,patch
884,tv
885,valuabl
886,establish
887,smoke
888,shop
889,team
890,switch
891,ragga
892,imagin
893,aaaaaaaaaaaaaaaaaaaaaaaaaaaaaaaaaaaaaaaaaaaaaaaaaaaaaaaaaaaaaaaaaaaaaaaaaaaa
894,java
895,integr
896,prevent
897,robert
898,boot
899,prepar
900,third
901,attempt
902,privaci
903,particip
904,will
905,folk
906,manual
907,hardwar
908,heard
909,sorri
910,sometim
911,necessari
912,congress
913,saou
914,york
915,bottl
916,tag
917,screen
918,reduc
919,china
920,fastest
921,certainli
922,sa
923,night
924,cover
925,enjoy
926,backup
927,valid
928,suppos
929,stand
930,depart
931,goal
932,path
933,mass
934,seriou
935,obtain
936,regul
937,alb
938,driver
939,competit
940,capabl
941,amaz
942,botan
943,lower
944,speak
945,promis
946,h
947,fulli
948,land
949,poor
950,medic
951,apolog
952,introduc
953,deathtospamdeathtospamdeathtospam
954,traffic
955,lowest
956,scienc
957,extend
958,defin
959,movi
960,describ
961,titl
962,paul
963,troubl
964,cv
965,exchang
966,film
967,neg
968,easier
969,sender
970,wireless
971,osdn
972,f
973,os
974,rang
975,decis
976,technic
977,approach
978,death
979,six
980,earli
981,predict
982,murphi
983,written
984,fat
985,quickli
986,redhat
987,commit
988,beberg
989,white
990,fortun
991,sold
992,king
993,telephon
994,kill
995,worri
996,im
997,seventh
998,firm
999,music
1000,michael
1001,judgment
1002,ham
1003,apt
1004,uk
1005,mobil
1006,premium
1007,attach
1008,opinion
1009,north
1010,economi
1011,desir
1012,ensur
1013,father
1014,librari
1015,definit
1016,player
1017,faster
1018,argument
1019,adult
1020,button
1021,achiev
1022,archiv
1023,appar
1024,techniqu
1025,enterpris
1026,travel
1027,bar
1028,separ
1029,threat
1030,cooper
1031,demand
1032,deserv
1033,board
1034,browser
1035,outsid
1036,anim
1037,hello
1038,condit
1039,modul
1040,attent
1041,enhanc
1042,wide
1043,david
1044,terrorist
1045,dave
1046,estat
1047,elimin
1048,stay
1049,determin
1050,virtual
1051,children
1052,repres
1053,expert
1054,wall
1055,pain
1056,cabl
1057,drug
1058,kid
1059,modifi
1060,sincer
1061,held
1062,washington
1063,monthli
1064,declar
1065,gnupg
1066,environ
1067,signific
1068,danger
1069,permiss
1070,fun
1071,l
1072,confid
1073,iii
1074,g
1075,relev
1076,w
1077,cat
1078,diet
1079,canada
1080,sum
1081,programm
1082,rich
1083,air
1084,none
1085,exclus
1086,cc
1087,equip
1088,popular
1089,forev
1090,proven
1091,bottom
1092,excel
1093,bitbitch
1094,justin
1095,paragraph
1096,expand
1097,usd
1098,central
1099,sexual
1100,string
1101,friday
1102,centuri
1103,factor
1104,skip
1105,identifi
1106,monitor
1107,relationship
1108,challeng
1109,anybodi
1110,near
1111,toward
1112,excit
1113,director
1114,asset
1115,terror
1116,behind
1117,appreci
1118,confer
1119,girl
1120,exercis
1121,perfect
1122,rais
1123,rh
1124,whose
1125,citizen
1126,unsolicit
1127,discoveri
1128,progress
1129,among
1130,defens
1131,hettinga
1132,road
1133,difficult
1134,sampl
1135,west
1136,thread
1137,fit
1138,rel
1139,colleg
1140,spain
1141,lender
1142,photo
1143,entri
1144,intellig
1145,illeg
1146,partit
1147,octob
1148,reader
1149,chief
1150,seri
1151,strong
1152,serv
1153,tie
1154,earth
1155,acquir
1156,confus
1157,solv
1158,william
1159,european
1160,verifi
1161,fair
1162,instant
1163,refin
1164,measur
1165,tree
1166,stupid
1167,largest
1168,smart
1169,san
1170,mode
1171,french
1172,extract
1173,equival
1174,built
1175,sweet
1176,regular
1177,peac
1178,reliabl
1179,conveni
1180,slow
1181,lock
1182,procmail
1183,resid
1184,mac
1185,oct
1186,laptop
1187,brian
1188,datapow
1189,dead
1190,categori
1191,inlin
1192,tradit
1193,suse
1194,tim
1195,front
1196,africa
1197,warranti
1198,graphic
1199,voic
1200,cach
1201,leader
1202,europ
1203,deliveri
1204,ident
1205,annuiti
1206,ten
1207,emerg
1208,useless
1209,capillari
1210,evid
1211,realiz
1212,femal
1213,pattern
1214,fire
1215,compat
1216,gnu
1217,statu
1218,occur
1219,art
1220,campaign
1221,desktop
1222,abus
1223,gift
1224,therefor
1225,cultur
1226,young
1227,satellit
1228,herba
1229,physic
1230,revenu
1231,higher
1232,institut
1233,concept
1234,previous
1235,deposit
1236,walk
1237,inde
1238,brand
1239,thursday
1240,june
1241,convers
1242,launch
1243,aid
1244,otherwis
1245,degre
1246,doubt
1247,nigeria
1248,contribut
1249,roll
1250,concentr
1251,ms
1252,weapon
1253,pacif
1254,background
1255,indian
1256,honor
1257,yeah
1258,classifi
1259,arriv
1260,wife
1261,echo
1262,unlimit
1263,repositori
1264,carri
1265,compet
1266,forget
1267,former
1268,fight
1269,token
1270,affili
1271,critic
1272,conflict
1273,listen
1274,recipi
1275,app
1276,sat
1277,isp
1278,powel
1279,extens
1280,tech
1281,password
1282,discount
1283,surpris
1284,percent
1285,unfortun
1286,storag
1287,hot
1288,succeed
1289,effici
1290,civil
1291,detect
1292,jabber
1293,water
1294,basi
1295,hermio
1296,sleep
1297,sit
1298,assur
1299,substanti
1300,garrigu
1301,printer
1302,kept
1303,alsa
1304,output
1305,intro
1306,panel
1307,descript
1308,inc
1309,menu
1310,jm
1311,scan
1312,catch
1313,mine
1314,enemi
1315,pull
1316,proprietari
1317,attract
1318,worldwid
1319,tabl
1320,light
1321,ip
1322,god
1323,wednesday
1324,revers
1325,v
1326,joe
1327,pudg
1328,truth
1329,disabl
1330,nobodi
1331,saw
1332,index
1333,advic
1334,agreement
1335,analysi
1336,patent
1337,gone
1338,vendor
1339,structur
1340,manufactur
1341,seven
1342,euro
1343,teach
1344,k
1345,balanc
1346,lack
1347,specifi
1348,cool
1349,room
1350,jame
1351,decad
1352,franc
1353,morn
1354,alon
1355,vote
1356,whitelist
1357,awar
1358,california
1359,gold
1360,boston
1361,obvious
1362,charact
1363,editor
1364,wast
1365,treat
1366,polic
1367,zip
1368,construct
1369,innov
1370,highli
1371,insert
1372,clue
1373,tom
1374,u
1375,trick
1376,theori
1377,financ
1378,temperatur
1379,ga
1380,career
1381,journal
1382,son
1383,gcc
1384,impress
1385,spec
1386,encourag
1387,middl
1388,afford
1389,incred
1390,constitut
1391,touch
1392,greater
1393,int
1394,flag
1395,ultim
1396,correspond
1397,attorney
1398,cent
1399,ebay
1400,peni
1401,usag
1402,brain
1403,anymor
1404,hp
1405,greg
1406,jim
1407,input
1408,annual
1409,dan
1410,larger
1411,wake
1412,summari
1413,previou
1414,mother
1415,boy
1416,blood
1417,trial
1418,mechan
1419,blank
1420,master
1421,cbyi
1422,democrat
1423,mike
1424,suffer
1425,stream
1426,urgent
1427,el
1428,hate
1429,pound
1430,advis
1431,cheap
1432,focu
1433,perman
1434,mostli
1435,underwrit
1436,star
1437,flow
1438,speech
1439,suspect
1440,varieti
1441,smtp
1442,particularli
1443,php
1444,judg
1445,skeptic
1446,vacat
1447,wealth
1448,instanc
1449,obviou
1450,delay
1451,mistak
1452,behavior
1453,percentag
1454,dynam
1455,dark
1456,republ
1457,comfort
1458,keyboard
1459,eye
1460,toni
1461,destruct
1462,binari
1463,super
1464,earlier
1465,warm
1466,ban
1467,affect
1468,firewal
1469,reveal
1470,channel
1471,rick
1472,mailer
1473,arm
1474,laserjet
1475,ireland
1476,telecom
1477,rock
1478,termin
1479,woman
1480,se
1481,heart
1482,motiv
1483,english
1484,tend
1485,char
1486,consolid
1487,rss
1488,essenti
1489,steve
1490,knew
1491,principl
1492,vipul
1493,skill
1494,recogn
1495,floppi
1496,domest
1497,consist
1498,btw
1499,prospect
1500,alli
1501,style
1502,wing
1503,prompt
1504,beta
1505,lawyer
1506,pack
1507,core
1508,estim
1509,highlight
1510,bonus
1511,eventu
1512,dell
1513,pipe
1514,lifetim
1515,magazin
1516,gnome
1517,nearli
1518,somewher
1519,invit
1520,defend
1521,unlik
1522,opt
1523,beat
1524,fl
1525,ftoc
1526,planta
1527,task
1528,sensit
1529,vehicl
1530,comprehens
1531,role
1532,staff
1533,eat
1534,map
1535,modem
1536,hair
1537,dn
1538,clearli
1539,despit
1540,python
1541,ground
1542,audio
1543,biggest
1544,march
1545,histor
1546,pocket
1547,modern
1548,teledynam
1549,food
1550,roman
1551,restor
1552,babi
1553,picasso
1554,complianc
1555,fresh
1556,convert
1557,impact
1558,suck
1559,revis
1560,strongli
1561,favor
1562,strength
1563,eval
1564,commentari
1565,bind
1566,conserv
1567,peter
1568,senior
1569,exploit
1570,config
1571,interview
1572,coverag
1573,minimum
1574,met
1575,shown
1576,mlm
1577,british
1578,dragon
1579,equal
1580,employe
1581,beyond
1582,spot
1583,gave
1584,mailbox
1585,permit
1586,failur
1587,liber
1588,truli
1589,texa
1590,font
1591,instantli
1592,dont
1593,stabl
1594,everybodi
1595,mile
1596,doctor
1597,protocol
1598,tx
1599,q
1600,reli
1601,signal
1602,optim
1603,visa
1604,tape
1605,brought
1606,consider
1607,auto
1608,synchron
1609,typic
1610,proper
1611,translat
1612,expir
1613,led
1614,chines
1615,calcul
1616,al
1617,exact
1618,draw
1619,worst
1620,startup
1621,dial
1622,variabl
1623,revok
1624,crash
1625,showcas
1626,geeg
1627,distanc
1628,plant
1629,finish
1630,evil
1631,hidden
1632,neighbor
1633,extern
1634,broker
1635,imposs
1636,yesterday
1637,crimin
1638,annoy
1639,spent
1640,favorit
1641,prove
1642,boss
1643,stylu
1644,bigger
1645,bearer
1646,z
1647,netscap
1648,sir
1649,strang
1650,retriev
1651,feet
1652,rare
1653,pop
1654,artist
1655,foundat
1656,repair
1657,sole
1658,ran
1659,acknowledg
1660,beauti
1661,guidelin
1662,planet
1663,sport
1664,portion
1665,hotel
1666,safeti
1667,serious
1668,evalu
1669,properli
1670,autom
1671,rebuild
1672,england
1673,edward
1674,poverti
1675,rob
1676,scientist
1677,hell
1678,equiti
1679,hack
1680,somebodi
1681,climat
1682,ii
1683,strip
1684,scheme
1685,chicago
1686,summer
1687,correctli
1688,sunday
1689,spread
1690,gentl
1691,station
1692,minor
1693,lie
1694,bell
1695,iiu
1696,push
1697,antiqu
1698,jump
1699,prescript
1700,hire
1701,restrict
1702,explor
1703,entertain
1704,threaten
1705,currenc
1706,student
1707,mount
1708,radio
1709,recruit
1710,vou
1711,becam
1712,epson
1713,lo
1714,fundament
1715,diseas
1716,para
1717,shape
1718,primari
1719,headlin
1720,happier
1721,craig
1722,husband
1723,protest
1724,hang
1725,herb
1726,resum
1727,seed
1728,mainten
1729,merchant
1730,recal
1731,laser
1732,damag
1733,architectur
1734,proxi
1735,spamd
1736,van
1737,prioriti
1738,buyer
1739,sendmail
1740,viagra
1741,vast
1742,muscl
1743,remedi
1744,corpu
1745,settlement
1746,doubl
1747,plug
1748,feroc
1749,stick
1750,exit
1751,disclaim
1752,somehow
1753,georg
1754,angl
1755,wors
1756,disappear
1757,hall
1758,faith
1759,dozen
1760,camera
1761,creativ
1762,moor
1763,prior
1764,luck
1765,ssh
1766,laugh
1767,western
1768,green
1769,feedback
1770,reg
1771,ticket
1772,fantasi
1773,aspect
1774,realiti
1775,feed
1776,batteri
1777,reject
1778,norton
1779,kathmandu
1780,oil
1781,broken
1782,child
1783,bother
1784,symbol
1785,pour
1786,tel
1787,usb
1788,hormon
1789,anonym
1790,supplement
1791,seminar
1792,allianc
1793,perfectli
1794,democraci
1795,doc
1796,acceler
1797,argu
1798,shall
1799,appeal
1800,arrang
1801,entrepreneur
1802,eugen
1803,convent
1804,parent
1805,committe
1806,substanc
1807,encrypt
1808,authent
1809,shot
1810,observ
1811,random
1812,mozilla
1813,statist
1814,funni
1815,phrase
1816,sponsorship
1817,slightli
1818,serial
1819,park
1820,à
1821,electr
1822,convinc
1823,neither
1824,legitim
1825,shock
1826,appropri
1827,hey
1828,queri
1829,award
1830,highest
1831,ie
1832,east
1833,merg
1834,empir
1835,meant
1836,nort
1837,edg
1838,solari
1839,door
1840,auction
1841,edificio
1842,barcelona
1843,resolv
1844,refund
1845,frame
1846,strictli
1847,bear
1848,lesson
1849,union
1850,tomorrow
1851,daniel
1852,damn
1853,carrier
1854,postal
1855,smaller
1856,hunt
1857,kelli
1858,repeat
1859,capac
1860,surviv
1861,aphrodisia
1862,volum
1863,fear
1864,survey
1865,pressur
1866,stabil
1867,virus
1868,amend
1869,herbal
1870,declin
1871,pablo
1872,arrest
1873,bought
1874,owen
1875,te
1876,trip
1877,mason
1878,banner
1879,mr
1880,weekend
1881,odd
1882,farquhar
1883,twice
1884,aggress
1885,alter
1886,strike
1887,fairli
1888,zero
1889,nt
1890,exclud
1891,prosaka
1892,januari
1893,cold
1894,duplic
1895,inbox
1896,testimoni
1897,complain
1898,race
1899,violat
1900,ah
1901,welch
1902,licenc
1903,cancel
1904,harm
1905,promiscu
1906,gmt
1907,winner
1908,compon
1909,appl
1910,easiest
1911,reduct
1912,deni
1913,viru
1914,spray
1915,audienc
1916,md
1917,formula
1918,round
1919,farm
1920,algorithm
1921,debian
1922,mh
1923,genet
1924,honest
1925,bandwidth
1926,nativ
1927,ratio
1928,vari
1929,bunch
1930,hmm
1931,presum
1932,blog
1933,mirror
1934,scam
1935,pill
1936,split
1937,compens
1938,â
1939,approxim
1940,gay
1941,iraq
1942,precis
1943,club
1944,bankruptci
1945,vjestika
1946,renew
1947,possess
1948,tab
1949,analyst
1950,elsewher
1951,brief
1952,gibbon
1953,martin
1954,partnership
1955,austin
1956,reboot
1957,sea
1958,label
1959,plugin
1960,mous
1961,massiv
1962,roger
1963,gordon
1964,reward
1965,dramat
1966,processor
1967,grand
1968,envelop
1969,buffer
1970,porn
1971,saturday
1972,invent
1973,blue
1974,lift
1975,deploy
1976,weekli
1977,msgid
1978,empti
1979,millionair
1980,apart
1981,retir
1982,nvidia
1983,fuck
1984,ibm
1985,adopt
1986,dig
1987,aol
1988,inconveni
1989,ps
1990,rohit
1991,prohibit
1992,flash
1993,sm
1994,infrastructur
1995,that
1996,religion
1997,collabor
1998,agreeabl
1999,complex
2000,inspir
2001,cancer
2002,engag
2003,environment
2004,anytim
2005,writer
2006,cycl
2007,plenti
2008,satisfi
2009,justic
2010,harley
2011,schedul
2012,african
2013,shell
2014,assembl
2015,solicit
2016,ministri
2017,conduct
2018,length
2019,northern
2020,thoma
2021,excess
2022,candid
2023,farmer
2024,rose
2025,experienc
2026,henc
2027,bound
2028,encount
2029,own
2030,rout
2031,mere
2032,clock
2033,swap
2034,img
2035,began
2036,duncan
2037,onto
2038,distro
2039,self
2040,enforc
2041,acquisit
2042,london
2043,homeown
2044,evolv
2045,grab
2046,pointer
2047,domin
2048,liter
2049,throw
2050,demonstr
2051,newspap
2052,straight
2053,prosper
2054,scale
2055,kate
2056,attend
2057,russian
2058,elect
2059,wholesal
2060,guido
2061,conclud
2062,televis
2063,minim
2064,registr
2065,transform
2066,famou
2067,deep
2068,glad
2069,context
2070,preserv
2071,colleagu
2072,toll
2073,receipt
2074,hors
2075,boost
2076,niall
2077,wave
2078,mix
2079,oppos
2080,christian
2081,buck
2082,lawsuit
2083,chat
2084,unabl
2085,rank
2086,murder
2087,routin
2088,remark
2089,entiti
2090,skin
2091,religi
2092,assert
2093,crime
2094,attain
2095,co
2096,proof
2097,valhalla
2098,blame
2099,loop
2100,corrupt
2101,russia
2102,resel
2103,da
2104,numer
2105,forest
2106,mathemat
2107,habea
2108,newsgroup
2109,vircio
2110,passphras
2111,tune
2112,abacha
2113,inkjet
2114,brent
2115,marshalles
2116,scientif
2117,destroy
2118,tast
2119,icq
2120,asia
2121,paypal
2122,glm
2123,webmast
2124,replica
2125,accur
2126,moral
2127,rise
2128,yellow
2129,chart
2130,mountain
2131,yield
2132,po
2133,throughout
2134,regardless
2135,hint
2136,bless
2137,brother
2138,ben
2139,frequent
2140,formal
2141,embed
2142,bu
2143,joseph
2144,sheet
2145,heavi
2146,hash
2147,victim
2148,na
2149,song
2150,null
2151,visitor
2152,column
2153,jar
2154,mess
2155,trace
2156,freebsd
2157,labor
2158,limbo
2159,logic
2160,incompat
2161,remind
2162,chip
2163,amateur
2164,pure
2165,town
2166,pro
2167,drink
2168,classic
2169,aim
2170,dog
2171,bay
2172,consequ
2173,branch
2174,il
2175,imho
2176,pars
2177,opposit
2178,spirit
2179,que
2180,adapt
2181,violenc
2182,smoker
2183,focus
2184,spamtrap
2185,assign
2186,est
2187,exhibit
2188,privileg
2189,ladi
2190,exceed
2191,negoti
2192,crap
2193,gambl
2194,decemb
2195,felt
2196,joke
2197,satisfact
2198,syntax
2199,export
2200,prize
2201,worker
2202,topic
2203,coast
2204,vice
2205,specialist
2206,complic
2207,battl
2208,batch
2209,cheaper
2210,tremend
2211,pursu
2212,lib
2213,appoint
2214,stage
2215,pa
2216,circumst
2217,stamp
2218,byte
2219,fan
2220,incorpor
2221,gather
2222,ui
2223,compel
2224,sophist
2225,liberti
2226,older
2227,unwant
2228,intel
2229,unknown
2230,dublin
2231,airlin
2232,florida
2233,kit
2234,struggl
2235,caught
2236,compress
2237,boundari
2238,chairman
2239,entitl
2240,alan
2241,riaa
2242,goto
2243,keyword
2244,loos
2245,sur
2246,moder
2247,strengthen
2248,alert
2249,lover
2250,bet
2251,okay
2252,trivial
2253,admit
2254,affair
2255,truck
2256,jodi
2257,australia
2258,wear
2259,ownership
2260,penni
2261,muslim
2262,margin
2263,mastercard
2264,pioneer
2265,ved
2266,trend
2267,ahead
2268,britain
2269,transmiss
2270,sector
2271,surfac
2272,disclosur
2273,hole
2274,album
2275,belief
2276,owe
2277,airport
2278,ideal
2279,lay
2280,relay
2281,encod
2282,adjust
2283,ice
2284,dump
2285,wa
2286,refus
2287,raw
2288,reform
2289,weather
2290,dice
2291,weak
2292,jack
2293,stress
2294,msn
2295,pickl
2296,marri
2297,scott
2298,stephen
2299,palestinian
2300,majesti
2301,tin
2302,overal
2303,outlook
2304,mplayer
2305,maker
2306,maximum
2307,assumpt
2308,timeout
2309,suffici
2310,chain
2311,curv
2312,schuman
2313,propag
2314,hawaii
2315,ne
2316,captur
2317,influenc
2318,portabl
2319,magic
2320,finger
2321,sentenc
2322,wealthi
2323,egg
2324,debug
2325,admin
2326,holiday
2327,session
2328,shout
2329,heck
2330,weird
2331,silli
2332,catalog
2333,mandat
2334,spring
2335,astronom
2336,dinosaur
2337,frustrat
2338,patrick
2339,retain
2340,trademark
2341,ou
2342,whatsoev
2343,submiss
2344,depress
2345,vision
2346,bone
2347,crack
2348,lilo
2349,explan
2350,endeavor
2351,api
2352,spambay
2353,ethic
2354,belong
2355,settl
2356,scratch
2357,unusu
2358,minist
2359,ram
2360,rah
2361,casino
2362,virginia
2363,speaker
2364,outstand
2365,gpg
2366,latter
2367,inexpens
2368,circl
2369,hacker
2370,mysql
2371,movement
2372,bomb
2373,francisco
2374,ar
2375,buri
2376,randomli
2377,besid
2378,rapidli
2379,hospit
2380,corner
2381,intellectu
2382,fli
2383,tower
2384,celebr
2385,greatest
2386,constant
2387,expos
2388,du
2389,plane
2390,thirti
2391,prob
2392,iroijlaplap
2393,necessarili
2394,proceed
2395,snore
2396,pentium
2397,tivo
2398,germani
2399,lean
2400,scholarship
2401,igtt
2402,ir
2403,organis
2404,recognit
2405,intent
2406,joint
2407,ce
2408,jeremi
2409,ton
2410,theme
2411,twenti
2412,ez
2413,openssl
2414,hide
2415,fuel
2416,formul
2417,preced
2418,abandon
2419,xxx
2420,japan
2421,es
2422,wild
2423,german
2424,openssh
2425,recov
2426,une
2427,fp
2428,greet
2429,tweak
2430,harvest
2431,maxim
2432,marriag
2433,relax
2434,jurisdict
2435,dr
2436,element
2437,forum
2438,bsd
2439,conclus
2440,richard
2441,arg
2442,draft
2443,framework
2444,season
2445,armi
2446,fashion
2447,shoot
2448,raid
2449,distributor
2450,con
2451,decreas
2452,bond
2453,milter
2454,everywher
2455,rm
2456,zone
2457,hook
2458,till
2459,scope
2460,advisor
2461,telecommun
2462,potent
2463,mutual
2464,magnitud
2465,trader
2466,commerc
2467,boom
2468,burner
2469,flight
2470,ratak
2471,notifi
2472,anthoni
2473,maxaman
2474,subsequ
2475,crazi
2476,tobacco
2477,council
2478,render
2479,elig
2480,freez
2481,leas
2482,dedic
2483,layer
2484,contest
2485,asian
2486,pleasur
2487,scenario
2488,bob
2489,capitalist
2490,angel
2491,pci
2492,murjel
2493,ximian
2494,quarter
2495,invalid
2496,steven
2497,combat
2498,inch
2499,kindli
